-3.5514756985727985e-12,3.3853400944496e-12,4.406926574995753e-13,1.8388028647022543e-12,1.971756233158433e-12,-2.2694285977148683e-12,6.606672916410658e-12,-5.536855800495342e-12,1.9186897850862672e-12,-6.791890039415565e-12,1.3793705877653572e-13,1.2160451135891128e-12,1.3639749684818492e-12,3.94502700852877e-12,-4.75204486612828e-12,2.106626266439447e-12,-5.529622938765734e-12,-3.5340457319490214e-12,5.760896645381368e-12,3.5211801489401533e-12
-8.023911258939318e-12,4.059151793222617e-12,-2.1101519619045125e-12,-3.1156805554145864e-12,-4.5887844855419475e-12,4.652640952034401e-13,2.1631029411733177e-12,4.923637689498466e-12,2.4173408416924405e-12,-6.0515870483020175e-12,4.532049528880577e-12,5.659481260361692e-12,-1.0593477208866706e-12,-3.1789164658677216e-12,-9.569671121462923e-13,9.097533826233258e-14,6.644258123366159e-13,-6.170933760967436e-13,8.322537744575469e-13,-1.4309221224244984e-12
3.0698410446693226e-12,-4.954724289077013e-13,1.5434488144585888e-12,-2.17089022535984e-12,-3.9623892218380067e-13,-3.0881518539129853e-12,-4.508353476990531e-12,-1.7050980716979725e-12,-3.705679001804291e-14,-3.022123664976762e-12,7.547298768868555e-13,3.4873432206421256e-12,1.083335924657863e-12,-1.162809621033505e-12,-1.0155025406077851e-12,-2.840255647333069e-12,-5.619675947646606e-13,-1.3880473950136749e-11,5.682457585951121e-13,1.6472401560296428e-12
1.2595896135005287e-12,-2.56442162380227e-13,-3.8485541646166326e-12,-8.95582371199534e-13,3.860945703187758e-12,3.469495456091505e-14,-1.9647488664357337e-12,2.382202271907586e-12,-1.4945991278247857e-12,1.6186159784288372e-12,6.846189848801929e-13,1.1012268814829533e-12,5.74700668954203e-13,-2.2464380230916187e-12,-1.8401734910784127e-13,4.107607418299706e-12,1.447940165357771e-12,-1.1484111939429747e-13,-3.492077967413565e-12,-2.904821847513045e-12
1.0645293725178943e-12,-2.0087112724727042e-13,-3.843589996224603e-12,-9.021171366066977e-13,3.779322350541708e-12,-4.0924809830567195e-14,-1.9544868428988732e-12,2.391552933338153e-12,-1.4031941941717064e-12,1.6942929694267825e-12,8.820252918745355e-13,1.107133906963765e-12,6.04838583967879e-13,-2.195040821758977e-12,-1.7660073392270792e-13,4.2158863189992865e-12,1.2677754612150863e-12,-2.289441767087122e-13,-3.0909377284837096e-12,-2.9765306739403118e-12
2.958328522873629e-12,-4.4335089364789624e-13,1.5309309751830125e-12,-2.2413167544763963e-12,-4.0281779641405263e-13,-2.9912585781071746e-12,-4.614566446680991e-12,-1.738128708716268e-12,-7.092055252729013e-14,-2.989849500167056e-12,7.809508112303524e-13,3.31653246246947e-12,1.0059830374519761e-12,-1.200340964334353e-12,-1.0322400666780936e-12,-2.76680668541984e-12,-5.159676491502703e-13,-1.4123570987117916e-11,-5.663465385515985e-13,1.7534479886469598e-12
-1.5722358597523776e-11,-2.0412562732751116e-13,-3.913710284290263e-12,-2.5046290649852773e-12,-6.284954006582646e-13,-5.837658600488488e-12,2.0174219728429876e-12,-2.304067031491962e-13,-3.490663265320719e-12,-7.527948099728764e-13,3.0900815017144713e-12,-2.800747268088725e-12,5.287425320530567e-13,1.2689833141501712e-12,7.300653096086796e-13,-1.3990097234877064e-12,-2.2341041493849648e-13,-1.7654520243991314e-11,5.201090240261104e-12,1.5845229833298088e-12
-5.242862429248487e-12,-1.2036758778860744e-12,2.96018330665593e-12,-7.685370003879731e-13,-4.454849906130604e-12,7.437465228502758e-13,-1.6630531843128074e-12,-5.013564228555948e-13,8.356280226360642e-12,-6.866273925395138e-12,-1.987408777585604e-12,4.663134279248251e-13,-1.4962314904290052e-12,2.8436331400898373e-12,6.795724736101157e-12,-1.3723873767151225e-12,-3.0878723317330127e-12,3.986112327842136e-12,6.792226666953848e-13,-7.14627047543074e-13
-1.8065144490802694e-12,-1.9907212947727668e-12,8.00160026262969e-12,-5.5977530376778214e-12,-1.046613368052969e-11,-1.9394900522025577e-12,4.048372303003436e-14,-2.9899560667084664e-12,6.257060089463245e-13,5.708594484052507e-12,-2.3713807281406933e-12,1.9283507558200218e-12,-5.596326364815341e-12,-1.1137570435065702e-12,3.024003679858143e-12,-2.1352448166243214e-12,-5.831703401591893e-12,1.633527091874383e-12,-3.1427333322869e-12,1.4449488034576397e-12
4.5216641089892095e-12,-6.925842483883238e-13,2.638455544318743e-12,4.991352574243402e-12,6.448803114002312e-12,-2.7019355253875175e-12,4.51125468333305e-12,-1.053607066115762e-11,-5.267254830796952e-13,-8.660460669032113e-13,-4.24984554242396e-12,-4.52307978770029e-12,2.4439788023251833e-12,7.083741232646586e-12,-3.835012519057421e-12,1.831654725596985e-12,-6.128513816248974e-12,-2.5751705776517186e-12,4.808171082719078e-13,5.0830881258164014e-12
1.2430283335922498e-12,-1.2000677496340556e-12,4.156464331718197e-11,3.0008985132427284e-12,2.4884506389514076e-11,-6.777630937049514e-14,-2.914820679691379e-13,3.8940497198449934e-11,-3.118028583194581e-11,-3.1008671538119805e-12,2.7618903651343567e-11,8.781237235108274e-14,-1.1345367687998134e-11,0.4380288136972923,1.5099192974278125e-12,-2.753524799802061e-12,-0.171818195693554,-4.533904930109419e-12,2.681745146545672e-12,0.4445386856492129
-1.8974350700146402e-12,-9.581066444585346e-13,6.159975514695036e-13,-9.174067525125498e-13,3.236998948236904e-12,-3.959644172997356e-13,9.092009967178408e-12,-1.616160854116088e-12,-4.63133571258511e-13,-0.07784666192078017,2.2661325878101156e-12,-0.0014873025693613706,-2.1264612747862115e-12,0.4450361424401697,-3.3433015664619906e-12,-0.019488976538643468,-0.18224394969304153,-1.5944088163690157e-10,-3.524832355948884e-12,0.444538685766531
-3.3335723933438107e-16,-1.5551362666343891e-13,-4.1685836146147713e-13,6.261063921330632e-13,-6.037823381706546e-13,3.8228400933989985e-15,1.0937199758193255e-13,-7.515255239254388e-13,5.467226809780777e-13,-1.5299023291346321e-12,-3.694330438296673e-13,6.627408147709237e-13,2.300114132308579e-14,1.0569003890237288e-12,1.170944134882927e-12,-2.1008135214000448e-12,-8.349654219528762e-13,-1.5582097672499834e-12,6.000369998714738e-12,1.6841566909247827e-12
2.5950402409526623e-12,6.060869189983004e-13,5.49942986271766e-12,-2.6280077169862205e-13,1.3461840824294226e-11,-3.944613669501661e-12,-7.719466530077204e-13,-7.68793514636849e-12,-2.043925392407128e-12,4.546914204943411e-12,5.6350516469261185e-12,-1.1418225169880816e-12,2.2172997561849047e-12,1.3598848072536898e-12,-2.4738582693367953e-11,1.9650648221020182e-11,-3.162006008143895e-12,5.244273356656046e-12,7.564420029774738e-14,-2.8501943511094633e-12
1.3140335603880248e-12,-1.3285425643586988e-13,-3.763185945617595e-12,-9.064671072717089e-13,3.946933676448486e-12,1.194949512878404e-13,-1.8584456355134695e-12,2.4709666305703647e-12,-1.4880957130523026e-12,1.4434120241482644e-12,6.827318741661919e-13,1.1229975246389302e-12,4.1571395207899504e-13,-2.3246759860534363e-12,-2.1134761166846103e-13,4.0084518491533005e-12,1.6369806419377702e-12,-2.6302579504193503e-13,-4.0395733342013316e-12,-2.8984620606101295e-12
6.271327987537874e-13,-2.5579729244925424e-12,8.879628498472577e-13,4.321139611985408e-12,-2.739835683688067e-12,1.3971982163813719e-12,2.189418657444669e-12,8.556499325193619e-12,1.418915882931037e-12,3.3281756521955478e-12,2.7049387576442916e-12,6.5005524186419425e-12,4.677382641514769e-12,-6.607527200346693e-12,4.283723644525246e-12,3.8477738966391257e-13,4.1667448866479956e-12,2.48294791675803e-12,7.787892677518244e-13,2.5709702090889225e-12
1.7664972311442005e-12,-3.531317586052813e-12,1.531445263180642e-12,-8.624113252283492e-13,-1.6744097376170927e-12,-3.6751537536661503e-13,-4.717929224167903e-12,2.1787062777097265e-12,-9.822070693314684e-13,-3.8217153330512374e-12,6.693869315941692e-12,3.263725086170979e-12,-2.838879960321185e-12,-3.0047358471393663e-12,-1.8032594765789368e-12,-1.0024663660748595e-12,-1.5183131450729926e-12,-2.0842640858809577e-12,-3.377309061369236e-13,2.6844843108485484e-12
-1.6600437193310267e-12,-7.01658755386256e-13,5.165662539441194e-13,-5.053093116132893e-13,-1.713747467516945e-13,-8.350570508023616e-13,-4.704631474728583e-13,-1.920880896191656e-12,1.299179265421369e-12,6.045191254509149e-12,3.0859734093372022e-12,6.556504293724594e-13,7.347355952196525e-13,-8.761024930732626e-13,-1.4666451518661266e-12,-1.463842698468665e-14,2.964933961855196e-12,3.1585115833290392e-12,4.957363771051355e-12,3.0129147121317646e-14
4.4732346094775525e-12,-5.306738377992569e-13,2.763218564177533e-12,4.939185308742466e-12,6.260291058103471e-12,-2.6797578722474635e-12,4.5281316793877846e-12,-1.0535462195669116e-11,-5.625608777560199e-13,-9.571878032952965e-13,-4.267303456637817e-12,-4.896377203656954e-12,2.4469606276887448e-12,7.032234586855819e-12,-3.854555132541955e-12,1.5071757019780025e-12,-6.196275277393083e-12,-3.338972311043529e-12,-2.2971975331761647e-12,5.107905031187785e-12
-2.912210826595243e-12,5.916608032897097e-13,-1.5248354641593746e-12,2.2934072631830117e-12,3.738313812456146e-13,3.0278285722395024e-12,4.6670395754331e-12,1.683478036264274e-12,-7.292864305187428e-14,3.081082143202463e-12,-7.780043115501788e-13,-3.3390919650434798e-12,-1.0171031532551562e-12,1.1103374845753219e-12,1.0725765536629992e-12,2.7649766206719514e-12,5.157191261759061e-13,1.4092847898800623e-11,8.792058921929902e-13,-1.7322642426593696e-12
7.99634322001038e-12,-4.051773657814418e-12,2.0838559555611943e-12,3.1934526458858353e-12,4.629747999264083e-12,-5.670504509476071e-13,-2.15690954901982e-12,-5.016624329387751e-12,-2.3158862996272194e-12,6.036038524870219e-12,-4.585294717758286e-12,-5.633257165853551e-12,9.526642826113292e-13,3.1950360052446177e-12,1.0607463591623981e-12,1.2787527999833463e-13,-6.89859790160273e-13,5.74756081373721e-13,3.0006603791019827e-13,1.3955530677914873e-12
1.8426790206627045e-12,1.9975895724060488e-12,-8.02285978226601e-12,5.7167480220726966e-12,1.0438964310437376e-11,2.025867337698108e-12,5.0162524933466106e-14,2.927768726415149e-12,-7.825877009395183e-13,-5.901372227962169e-12,2.404231466213458e-12,-2.091197872855874e-12,5.633072587629819e-12,1.1119825403771051e-12,-2.9260500369541776e-12,2.1778939609955414e-12,5.874183378419712e-12,-1.8746038220525227e-12,1.5582155454281379e-12,-1.5328504420728214e-12
-2.636222259428138e-12,-4.2844670748258885e-13,-5.418010171375498e-12,4.135247291880317e-13,-1.3457293213108508e-11,3.96006671953966e-12,6.682820223475414e-13,7.718523907728358e-12,2.0355967826244938e-12,-4.527904677762862e-12,-5.728413351419335e-12,9.120431608548794e-13,-2.2112358447489026e-12,-1.3374124297799886e-12,2.4689177956920367e-11,-1.9766700786460894e-11,3.1110092382117017e-12,-5.5704995267252975e-12,-1.4556160726509686e-12,2.8265111007408728e-12
-4.515761663657025e-12,4.862576619774748e-13,-2.811139984918052e-12,-4.968608916431504e-12,-6.202049264047484e-12,2.672908130255321e-12,-4.4297727277455926e-12,1.0507605371479866e-11,4.1997226913691285e-13,9.134353238695566e-13,4.214650876905071e-12,5.051473414567163e-12,-2.439914675254604e-12,-6.9689988890284234e-12,3.844377846049583e-12,-1.4890121510047556e-12,6.230200007512292e-12,4.192605530672129e-12,3.3549199065172675e-12,-5.220030651523764e-12
3.091492270526274e-13,1.4255652803000154e-12,4.522461640983879e-12,-1.3641079706747341e-12,4.873212359645644e-12,8.59527860123772e-12,-4.213533045102881e-12,4.994010196061212e-12,-3.752117658546053e-12,1.149322503783405e-11,7.096527116658377e-13,-2.154208419172824e-12,3.4153900159151333e-13,3.3524220187249428e-12,7.219315971758052e-12,2.272035975797857e-12,9.015056577409541e-13,1.4952878456446571e-12,9.535072573203946e-13,-1.0905912390549992e-12
1.6586667839419606e-12,-2.0861034533553395e-12,-9.638684099988784e-13,-1.7585756457117346e-12,-1.8924054569598236e-12,2.329115654988611e-13,2.4588136087266934e-12,2.6716432829446412e-12,-3.1590890146598722e-12,-8.567964259988703e-13,-1.9786873173270238e-12,-1.484497512907403e-12,2.104139777799085e-12,-5.5284608417221735e-12,-1.1557630046920373e-12,8.644910519650961e-12,3.5770625701037313e-12,1.6823025289118594e-12,1.1527422394207015e-12,4.262710302817685e-12
-5.53395234859943e-14,-3.545950161619018e-12,1.3748075098466662e-12,3.0217972766803964e-12,-2.0035631491233806e-12,-2.1426515094438556e-12,1.0886341325798196e-12,3.300912275659625e-12,2.2162916370989816e-12,2.8447732169222267e-12,5.380816547502333e-14,-4.014709201896323e-12,-1.8992598620052e-12,-3.687552240794471e-12,3.067341502450112e-13,2.680954728395617e-12,-1.1732070024227331e-12,5.578087237873882e-12,-3.608811580383958e-13,2.7006793692861606e-13
-1.0252131711596745e-12,2.8911818989672227e-12,1.0398994499391646e-12,6.561823409589724e-13,3.462568730405781e-12,-5.182922274484684e-14,-1.5863305614514214e-12,-1.5154061782993437e-13,1.2432967526155801e-12,1.4316703804127477e-12,1.4075620139018775e-12,1.2215304079934877e-12,-2.7446745395384918e-12,3.4036752769260557e-12,1.3392129160159507e-13,-3.3599466891075396e-12,-2.266035627508173e-12,3.1432029785557815e-12,-7.2496268361268364e-12,-7.373139589250425e-12
8.541694580405826e-14,-8.4481890576792e-12,2.824723487004743e-12,-5.684234158796193e-13,6.105416979902006e-13,-1.4476236403918395e-12,-3.0503138429010394e-12,1.6116207109263125e-12,2.532906332842016e-12,7.180388150678504e-12,4.923617514320168e-12,1.7133897621573034e-12,-1.4848293437998989e-12,-1.031238116827001e-12,-6.2582017530030884e-12,5.359685950783256e-12,2.099829571959245e-12,5.0402528066130045e-12,-3.532710098730895e-12,-6.089898172389405e-12
-1.5309217838363613e-12,2.7790460866607487e-12,-7.637640089116984e-13,-1.978397066763404e-12,-1.0904270829837212e-12,3.012038294849336e-13,3.449421298933276e-13,-2.1452076611476326e-12,-5.864842270131119e-12,2.017405195926891e-13,-2.544221185413089e-12,-3.7099733543543627e-13,9.088863638978069e-13,-2.8769617688103837e-12,1.9519655210675867e-12,2.7966506307843276e-12,-8.607097530578752e-13,3.158521594736339e-12,2.9606229557807623e-12,-1.0743943340851802e-12
-6.364929681272164e-13,-1.6701439522877376e-13,-2.979277455500543e-13,2.843158214436517e-12,2.4254580070461758e-12,-1.5953130749217767e-12,-1.846285207371524e-12,-6.987893972417447e-12,4.959016010046778e-12,-2.896086060644675e-12,5.786339234051583e-13,-1.1244746834996486e-12,-1.1139991541250415e-12,1.2932247228223957e-11,-9.597279514021027e-12,-6.63175986988822e-12,-1.5620722847671595e-11,-1.486451607395513e-11,-6.744887322816106e-12,1.3849958167509673e-11
5.239494226554139e-13,-1.708314436452085e-11,5.33545065217118e-12,8.612618902075316e-12,-3.5742497082703865e-13,-8.259001627910422e-12,-5.009476816211821e-13,-3.5535272219312768e-12,3.708654124291024e-12,9.110741669206455e-13,1.0292697092496823e-11,3.4457465913785223e-13,8.956749965988838e-13,-3.8484112150491954e-12,-4.4138620287021315e-12,-1.805922990970288e-13,1.516717091601271e-12,-5.7537785105442616e-12,-2.2910923109640094e-12,-8.645415711141665e-14
-1.8163450818948346e-12,3.5226561296807154e-12,-1.6335683104661871e-12,9.761410726268604e-13,1.6542037983106491e-12,3.3553281295994053e-13,4.773409970531248e-12,-2.203910238848214e-12,9.975127344051789e-13,3.997595058882999e-12,-6.713653970614784e-12,-3.091501191206106e-12,2.828587424312034e-12,3.051092639867355e-12,1.8169344726057136e-12,9.719474117770821e-13,1.4341855046293648e-12,2.2552534900794493e-12,1.5860206138776973e-12,-2.75635542570333e-12
3.758939742192834e-12,-5.185148830936802e-12,-2.3695467725722296e-12,-1.840154791721563e-12,-1.304449937922147e-12,-2.8930552986634477e-12,-4.773451973489607e-12,-1.2624679329752352e-12,1.5077364040405355e-12,6.470630787950425e-15,7.127230571913447e-13,1.1196630696691833e-11,2.5230775997600853e-12,-3.588633540336833e-12,-1.8321405730802595e-11,6.622329859909167e-12,-1.0769982414184506e-12,5.023691519267516e-12,-9.472245926473743e-14,-7.607642605429922e-14
1.1214904167492593e-12,1.4652275934325286e-11,-2.836913932999966e-12,-4.831409229684515e-13,3.0337451477769e-12,2.1981505024373666e-12,5.3492446858825535e-12,3.4436493805202833e-12,-1.545569246149026e-12,-4.779430964768644e-12,-5.045371798834926e-12,-3.540989202551755e-12,1.8706068426236456e-12,-7.146884406419334e-13,3.954453348417753e-12,1.0355800926321437e-13,1.357428788913638e-12,1.1772610983153802e-12,4.227191921779938e-12,4.110006472458353e-12
-3.3922423044397566e-13,1.2644011526104604e-12,-4.79888797311016e-13,-2.181091170565398e-12,1.4754778543217025e-12,-6.413352972460112e-13,-1.141250633864572e-12,-4.254142390190667e-12,-6.993383434243176e-13,-1.6936419168818773e-12,-1.2512614572431461e-12,-3.3844813598879402e-12,-2.298435518163381e-12,3.318690872640617e-12,-2.2134887250403874e-12,-2.126918116669066e-13,-1.9990322778011703e-12,-1.2716494173929842e-12,-6.731322905488071e-13,-1.2134727291712618e-12
2.2161086931546658e-13,3.4511607185754025e-13,1.4941755875097661e-12,-2.058213491965455e-12,2.641192500450097e-12,1.2562800037757614e-13,-5.161564857895278e-13,2.7468214200847476e-12,-2.3173824256542443e-12,6.728466330817045e-12,8.153540626297621e-13,1.006242413458272e-13,1.1029867986137946e-13,-4.16625335673649e-12,-3.841126123483261e-12,8.822853569922903e-12,3.4693245940732734e-12,9.576967272125018e-12,3.834356114286656e-12,-6.621399214455879e-12
-6.808227270623473e-12,2.9347054848873936e-12,1.7394331884367324e-11,-3.225932733592109e-12,-3.4624145381887924e-12,6.792735819201471e-13,3.730746423221797e-12,-1.367967684298328e-12,-1.4411568666079997e-12,1.3255412600695044e-12,1.3175456522338566e-11,3.04494135387359e-12,2.6159871147832507e-12,-2.800136692635549e-12,1.8580263360474493e-12,-1.4369113874436838e-12,5.684044884422095e-12,-8.408226747236009e-12,3.7195564155971305e-12,3.2223506895123134e-12
6.808487906157903e-13,8.923065992838324e-12,1.2376385423221204e-12,-8.353980986490055e-12,-1.647894177544894e-12,-3.4079113391235667e-12,-2.670127621178805e-14,-4.876147394820526e-12,-2.5296315795432105e-14,2.675340488298242e-12,-4.6801019278621315e-12,-5.2788233651403006e-12,-8.723308180834928e-12,3.570470183886685e-12,2.6644645290188262e-12,-2.3768527293444637e-13,-8.136507956777483e-12,-2.0282208484753657e-12,-3.728977658909748e-12,-9.239575731367161e-13
-8.030316541938845e-13,-1.6584770916119652e-13,-1.811131266829745e-13,2.6501030296580693e-13,3.2932895447355813e-14,-4.969639521891239e-13,7.781484353168433e-13,-1.6970745740817723e-12,1.3509533225954848e-12,1.2913178627849483e-12,1.3429984652189228e-12,6.172930184792769e-13,3.450736463368139e-13,3.7527071692847224e-13,7.578161547364167e-13,-2.1673591443138337e-12,7.150712808324752e-13,-2.875860228398702e-13,3.226126093705792e-12,2.127774182159189e-12
4.9672403665018e-12,-1.0949858290817576e-12,2.8891446445129275e-12,-2.281365922683105e-11,-4.429020537095001e-12,3.92690288836302e-12,-2.9229841396477427e-13,3.185332613360968e-12,-7.362471056523739e-13,-0.07784666180669951,-4.482465983540322e-12,-0.0014873026112538611,2.182397595685433e-12,-1.8544262685700824e-12,-6.070216565265762e-11,-5.061255625287913e-12,-0.010425755412620114,-6.371197849781817e-12,6.595970214486189e-7,1.0311591974633535e-12
-0.37001850898667965,-0.3129844527054399,-2.3466134983851736e-12,-0.5656586838780056,0.893206821160239,2.415165232611252e-12,-0.29362378988878507,0.9490767127361854,1.7409366579741032e-12,-0.6405547932260547,3.907304227993273e-13,0.07799037594358205,-0.904961912494934,3.828522907028376e-12,-0.9695389371940185,-0.5831006763773495,-6.624167457073756e-13,-0.781629868914293,-0.6993370852667604,4.3822940344328904e-12
-0.37001850898629585,-0.3129844527039655,2.122076164268791e-12,-0.5656586838793728,0.8932068211652396,1.1007325647456707e-11,-0.293623789893118,0.9490767127411709,-2.038895053007767e-12,-0.6405547932145583,1.0870911351605309e-12,0.07799037594149016,-0.9049619124946204,7.316585944143887e-12,-0.9695389371868438,-0.5831006763750725,1.3142246768010884e-13,-0.7816298689128814,-0.6993370852654621,3.407813257010182e-12
-0.956900230029846,0.163397854140109,0.11891593853208492,-1.7513419510287098e-12,-0.28139574906241016,-0.025446470078998303,3.0971673768322074e-12,-8.489234525351937e-12,0.23468262450715188,1.397578116361719e-13,-0.16360579880095458,-1.9622230419807144e-12,-0.13801919419254755,2.0344865397522466e-12,-0.1914209190357539,1.59607923745524e-12,-1.6165399268944624e-12,6.013720214233984e-13,-2.1114692034523622e-13,-7.834414433540894e-12
-1.7913291248741442e-12,2.023516261601913e-12,9.10795107651078e-13,1.650531240987471e-12,1.855388755090003e-12,-2.2102945963158887e-13,-2.3628012702006964e-12,-2.548976018033215e-12,3.1428237729939455e-12,8.045862975334068e-13,2.0236175460481975e-12,1.371920590930193e-12,-2.1120952091822314e-12,5.62673757076663e-12,1.130512515306126e-12,-8.543925964890681e-12,-3.5104438468475783e-12,-1.5215948750311741e-12,8.037098383283135e-13,-4.22165343165315e-12
1.8838337218248789e-13,-2.133928542102191e-12,-1.677496651918755e-13,4.3944605305778486e-13,-1.5921572745856015e-12,4.348698039398372e-12,-5.793196403745266e-13,2.4255744414882928e-12,1.617168481002104e-13,-3.0199745690330728e-12,1.4928654228421092e-12,1.1464338519526004e-11,6.241840136550861e-12,-4.638961271948241e-13,2.624238022735755e-12,-5.491088924766256e-12,4.6722289143793636e-12,-6.561102218507707e-12,3.0424341512610687e-12,4.479003277586798e-12
2.2230052395970782e-13,3.5550135145335284e-12,-1.5158003465874321e-12,-3.050544392609037e-12,1.9172872363583654e-12,2.038692312628492e-12,-1.0086317421955252e-12,-3.341942778139428e-12,-2.2722004515038263e-12,-2.8386960203266963e-12,-9.868043182153287e-14,4.0263192633905824e-12,2.105709644236148e-12,3.693929503555029e-12,-2.8048464315108457e-13,-2.490157294163102e-12,1.3110903364734915e-12,-5.524644683952846e-12,1.0103123965062104e-12,-4.067150042565962e-13
-4.246557189247448e-13,-1.8759509134514035e-12,1.0595244484380385e-12,7.351373042496472e-13,-3.6516333055664765e-12,4.446277546692959e-13,-4.598491078229602e-12,-2.3124092765787465e-13,-6.594594285829909e-13,-2.4747545506251087e-13,-1.292041836474271e-12,3.5714775777828945e-13,8.37060173736241e-13,2.3767647795785097e-12,-2.424296603597481e-12,-2.3923449421669614e-12,-2.3550351861401673e-12,-2.9994042269355606e-12,7.873532606967248e-12,-1.6755155438777053e-12
-1.5928977119055188e-12,-9.525342385004124e-13,-5.763247060086634e-15,3.5005152129587045e-13,-9.641667445271564e-13,-9.449963864624468e-13,-2.096481727179016e-13,-3.0391181780247958e-12,1.9816468385838226e-12,3.4122117233136484e-12,2.5621154568580618e-12,1.3086714411716905e-12,8.161732270064947e-13,9.59511360919132e-13,-1.121851296752995e-14,-3.4222367030449256e-12,1.339231798863454e-12,3.247125163510103e-13,9.245312023089432e-12,2.5233758740311176e-12
9.160008654457295e-13,-2.932778932086413e-12,-1.0077801835724678e-12,-5.327052506902723e-13,-3.512076781636627e-12,-6.246674350183072e-14,1.610448289502185e-12,1.5236792461633347e-13,-1.2465042341945445e-12,-1.3437413486064728e-12,-1.411501393945778e-12,-1.0878598464324109e-12,2.6566362045220834e-12,-3.395384073206201e-12,-1.8161734043156612e-13,3.455342887083864e-12,2.3957368311096407e-12,-2.9476033496358854e-12,9.435029813835321e-12,7.437163619645093e-12
-6.1198077015926444e-12,2.3422133309595514e-12,-8.48012488338531e-13,7.2695991388206726e-12,1.6946584579166975e-11,4.643622477947365e-13,1.2317016917948192e-13,3.243451159902528e-12,-3.1194969909151925e-12,-3.9748024962807845e-12,2.5733531327373387e-12,6.012322604837936e-12,4.911820963693713e-12,1.2048075462212423e-12,-1.9974833405924796e-11,4.095917944763451e-12,-4.611583241338941e-12,-6.051655129314528e-12,9.087221122800574e-13,-4.2485343051486293e-13
-2.475399316460236e-13,8.432650746152901e-12,-2.7907382234960096e-12,4.598320593013173e-13,-5.403433621451517e-13,1.342382293539762e-12,3.138346971505379e-12,-1.509143584149258e-12,-2.5094677155548124e-12,-7.0556449414492725e-12,-4.8928076573100236e-12,-1.1430350668075662e-12,1.341224939723637e-12,1.0866480687246013e-12,6.220750596807155e-12,-5.076401412292599e-12,-2.006423629064705e-12,-4.498012135675096e-12,6.94145815924925e-12,6.1378486598375465e-12
1.7101296229775894e-11,1.394813169907423e-11,2.0643566373506074e-11,2.350661324725706e-12,5.003764629962232e-12,3.3770917168028347e-12,-1.3886496648092297e-11,1.0604007331647572e-11,-1.1141871514176592e-12,4.5261302523188465e-12,4.684020157510155e-12,-4.688942127713508e-14,2.3087051398747905e-12,-6.742844356656894e-13,-3.2037684182980854e-12,7.145968924541817e-12,4.270234820859976e-13,-4.3993123771138603e-13,5.629082210049636e-12,1.196236773483723e-13
-2.2095654468827943e-11,3.086509059881426e-12,-2.4253382915845447e-11,4.443506721778574e-12,1.5157742625066644e-11,-6.119081797273797e-13,1.9332884808557116e-11,-4.037875972442837e-12,-3.616826589013923e-12,-1.3304387424404073e-11,-7.268066015738156e-12,2.638077761364759e-12,4.377385058271244e-12,1.2044743643032383e-12,-1.2810966935699338e-11,-3.2228830928674654e-12,-3.5889326689471803e-12,-4.526841694266174e-12,-2.0607369614398225e-12,3.448290818696176e-12
1.572559465293558e-11,7.731526237045915e-12,2.060743627475051e-11,3.0556631738202536e-12,1.3594427359663343e-12,2.3062560237935846e-12,-1.6095001035154618e-11,6.036505456819536e-12,-2.0931294724793194e-12,2.7894738963798938e-12,5.04826950836879e-12,2.151007840951979e-12,1.942018153922955e-12,8.273368101388046e-13,-1.362929723406851e-12,2.9919448077589265e-12,-2.833409970732147e-12,-4.863969260515445e-12,1.1684868925356273e-11,1.7387122860292184e-12
1.6419290860615658e-12,-2.7913565289206692e-12,8.450751249435262e-13,2.012848466784608e-12,1.0621599721588151e-12,-2.8712235775817693e-13,-3.373079837815396e-13,2.235383135967813e-12,5.9879684790804895e-12,1.0101710694750835e-14,2.5798721263698475e-12,5.53546037146879e-13,-8.818059844551936e-13,2.8679597259938527e-12,-1.911472477792392e-12,-2.7026223190578226e-12,9.59614447475335e-13,-2.7819866472086136e-12,-8.619668990332251e-13,1.0670032694664477e-12
-4.2367659159173757e-13,-1.779569255975557e-12,1.0182174035129613e-12,6.136237024924657e-13,-3.6340127383886555e-12,5.265753556134558e-13,-4.742848394794462e-12,-3.8314563493999863e-13,-5.06973668595409e-13,-4.0525770224530616e-13,-1.4315945348814218e-12,2.0178967707481412e-13,7.320960456108404e-13,2.274386587272085e-12,-2.3488611181421816e-12,-2.593624839605435e-12,-2.1088183117610544e-12,-3.304872083575951e-12,5.252025387024833e-12,-1.7457692739518666e-12
-5.22292717700802e-13,1.7087185642447626e-11,-5.333164946876002e-12,-8.612195920297047e-12,3.609714497198253e-13,8.257679310129128e-12,4.11653992839813e-13,3.4651349101497305e-12,-3.627506832170396e-12,-1.0372705653271563e-12,-1.0293279982452401e-11,-3.4642975309772437e-13,-8.932502786353651e-13,3.949275419437157e-12,4.412414180372968e-12,6.51068483414456e-15,-1.4220315313184117e-12,5.661347259949278e-12,1.8487510173551475e-12,8.69865549394215e-14
-4.93382233622756e-12,-4.732362681258484e-12,-3.3640931370160527e-12,2.902964216235408e-12,4.779107763625893e-12,1.6113484302715428e-12,-4.313391524233623e-12,1.049241672990262e-12,4.506899433135755e-12,-7.645977293235894e-12,2.194021890497521e-12,-1.1526734855036624e-12,3.5841348534629177e-12,1.0363224850818366e-12,9.535667040558366e-13,5.7372685135957774e-12,2.910438940770821e-12,5.7863523597659435e-12,-4.174169434611789e-12,-7.566230977014644e-12
5.946172309360676e-12,4.420052714201753e-12,-4.787109866194943e-13,-3.841915584886439e-12,-9.492656454544626e-13,-1.5716228197803174e-12,2.2429188584971927e-12,1.2404201861401185e-12,-5.925968494120246e-12,9.310211624616107e-12,-1.1984902923360933e-12,2.141185384025345e-12,-3.042994200361374e-12,-3.3058891363845543e-12,-1.1314522824346605e-12,-1.606752740198873e-12,-1.7156305053097201e-12,-6.2919551063351e-12,1.8498100242646204e-13,4.645636554645281e-12
1.5866158985001338e-12,-3.560592444202296e-12,1.4918360700384386e-12,-8.415195320844348e-13,-1.8142050961519396e-12,-2.3099990501434814e-13,-4.808292320364284e-12,2.1007580081700388e-12,-1.144983872202054e-12,-3.726243273005492e-12,6.6103145628455165e-12,3.3229873413271557e-12,-2.977606751221271e-12,-3.050513479686826e-12,-1.8812161311241832e-12,-8.039959903054896e-13,-1.5232304391030462e-12,-1.564133805436067e-12,5.439673959189542e-12,2.7620490802989043e-12
5.903758666524808e-12,4.460748827432006e-12,-5.410038504804395e-13,-3.821895756768235e-12,-9.75163840370597e-13,-1.5214286284990297e-12,2.2975457278317094e-12,1.3209954134164316e-12,-5.887601609945503e-12,9.303540390710433e-12,-1.2733493343884253e-12,2.0729650700224602e-12,-2.9984325626029856e-12,-3.3693762034186827e-12,-1.1313026153811809e-12,-1.6137643370041354e-12,-1.5836744455196633e-12,-6.16406403193256e-12,2.797433630135412e-13,4.61816318810337e-12
-3.762076798067108e-12,5.176809848491792e-12,2.2327922049778577e-12,1.879650113355958e-12,1.2098181480906195e-12,2.795499236733527e-12,4.7866195801581495e-12,1.3021174332577956e-12,-1.53420577853597e-12,-1.153176061984928e-14,-7.87681967915499e-13,-1.1015900712468085e-11,-2.5929325903428318e-12,3.4644990992503445e-12,1.837639521851118e-11,-6.342212953659035e-12,1.2947302390865674e-12,-5.034698663042031e-12,1.181995544388064e-12,7.352499192011039e-14
-4.998350458880879e-13,-1.4485433791091208e-12,6.20288819685725e-13,3.5797406089044896e-12,1.253604682785696e-12,1.2406783593591883e-12,-2.3640167912171546e-12,5.10386939544183e-12,-1.4294428879559203e-11,-8.474473986031228e-11,8.591615818778574e-12,9.259960229357965e-12,1.188035456100802e-12,2.013973685176814e-12,3.684844893488887e-12,3.6609810963467893e-9,-1.4263590213582165e-9,-3.361452588883659e-13,-4.3878937527385404e-9,-4.327802882890677e-12
0.3861639369069757,0.15649222636100482,-9.85491333961175e-13,0.28282934193062903,-0.34149892213984967,3.336472703312952e-12,0.14681189493282806,-0.4745383563461998,3.5162944313897225e-12,0.47597072075242197,-5.598939246797495e-12,-0.03602061591058328,0.45248095627571183,-0.8160109750578598,0.48476946861452247,0.4777752914144773,0.41080325808943585,0.3908149348296987,0.3496685469977191,-0.8890773715691345
-0.3861639369042177,-0.15649222635211169,1.9377978962797868e-12,-0.28282934193567166,0.34149892213717675,9.899752771870614e-13,-0.14681189492404795,0.4745383563462118,3.42051198504219e-12,-0.47597072066110124,-3.582246317313375e-12,0.03602061590422275,-0.45248095627628854,0.8160109750555133,-0.4847694685983531,-0.4777752950883842,-0.410803256658336,-0.39081493484612495,-0.34966854259770536,0.8890773715824289
6.742868557851292e-13,3.001835691134186e-12,-3.5385450520851244e-13,8.327694129917092e-13,6.734671142716999e-13,-9.38955370386741e-13,1.6402470048350873e-12,2.7948695530705687e-12,-9.090981039288446e-13,3.6103714687452138e-12,1.1982130696686812e-12,-3.7445148845953687e-13,4.644678934891179e-13,-2.527013156373684e-12,1.2350898741977978e-12,3.608671265004373e-12,9.389750742607801e-13,3.723609400242167e-12,5.508007862416578e-13,-2.4928552877428652e-12
-0.20115468241616102,-2.2197442830665123e-12,7.959928104425773e-12,-3.638195380747177e-12,-0.1051044884557298,2.55807743244542e-12,6.228954073530274e-13,1.6092825109577878e-11,1.2976356797230317e-13,-1.6014843875329044e-11,4.157526474785907e-12,3.3064398030376056e-8,-2.1352353194816235e-12,-0.0740613098717436,-1.5543226321545683e-11,-0.14724700377678882,-0.04631535727774579,-9.462792092641747e-13,-4.261205248292099e-12,-1.5409517380612832e-12
-1.0611458840296557e-12,-1.4653079863367883e-11,2.87015612098169e-12,5.41918773587651e-13,-3.1569298759830507e-12,-2.3243370875475985e-12,-5.341709678772384e-12,-3.3569398062542184e-12,1.5608281436750885e-12,4.8251285016397846e-12,5.0587409945146e-12,3.416389407211894e-12,-1.9033714242883745e-12,7.065722242765092e-13,-3.95697692998025e-12,-4.181150844896617e-14,-1.362167021652182e-12,-1.2617511196893369e-12,-3.4405498107164506e-12,-4.034139366803004e-12
3.9571918617086746e-13,-1.3334590970249271e-12,4.719176951855657e-13,2.2370137622475945e-12,-1.3786144599611301e-12,5.96873261295752e-13,1.1898300838778093e-12,4.2605213988208335e-12,7.033097624923853e-13,1.6874712103021215e-12,1.2190198064436579e-12,3.409253290577096e-12,2.2533128049041594e-12,-3.3723503285179394e-12,2.2547295849176728e-12,2.0882015101372655e-13,1.9624928285917746e-12,1.2660332021447544e-12,5.351778065642668e-13,1.2985397545238252e-12
7.135023919507466e-12,-6.663409656281917e-13,-1.2308409210008776e-11,-7.595566956112361e-13,-5.9223898252474745e-12,-4.523008800842504e-12,3.3274532457023377e-12,3.3660896880140654e-12,-3.3340704653328703e-12,2.89155560222726e-12,-3.800013377050158e-12,2.085162904943406e-12,-5.149940063803251e-12,-7.872854170135669e-12,1.6939375405485755e-12,-7.584007243196125e-12,1.8672637124595986e-12,2.498019461611974e-12,1.3208722805560022e-12,3.892028159914328e-12
4.0756737370042735e-12,-1.3593084861697586e-12,2.800567908056409e-12,-2.2547023476745904e-11,-4.363050863591987e-12,3.3857060730033927e-12,4.615376050280349e-13,1.5149781112390855e-12,7.361942758372576e-13,-0.07784666180543547,-3.1609560366318748e-12,-0.0014873026107302177,2.642692193403178e-12,-1.6099686257139571e-12,-6.00144846751498e-11,-7.2753950412831415e-12,-0.01042575541188582,-6.959068082618186e-12,6.596005992827794e-7,3.0533408938764374e-12
4.810161948095928e-13,1.5439182443608474e-12,4.490238421633317e-12,-1.3344006548973796e-12,5.071692615072439e-12,8.566952868143208e-12,-4.433473183624018e-12,4.91965225070674e-12,-3.849675209698192e-12,1.1538491560102983e-11,6.794346059005416e-13,-2.0350119079198066e-12,3.4285821307031215e-13,3.5335488020595e-12,7.197359366385508e-12,2.3189297932018892e-12,7.245151068897411e-13,1.3772608207660518e-12,1.6881667810520112e-12,-9.99031195138436e-13
1.2632786354744676e-12,-1.101127379279688e-12,-2.0117045730680238e-12,-1.424404820436533e-12,2.318412196518034e-13,-6.98280118857541e-13,6.24202113368093e-12,5.767641912913698e-13,-6.005484943633679e-13,-6.080970680109417e-13,-7.26467785150363e-14,-1.3392919835533694e-12,1.8217720170080436e-12,-5.979560256212923e-12,2.030514288384248e-12,6.204464963329547e-12,4.919428037770836e-12,8.194018124120366e-13,1.0599690450653788e-12,8.78123492557277e-12
1.547559127955578e-12,1.0060616788885369e-12,4.7457354004919034e-15,-4.1404073238786265e-13,1.0460740061438102e-12,9.282423961087975e-13,1.8831032744622298e-13,3.114170428441571e-12,-2.057323032927988e-12,-3.50540909525259e-12,-2.5015450612268034e-12,-1.0924219118966087e-12,-7.165611316258055e-13,-8.982643283864738e-13,-1.5749106251563828e-13,3.4954136664409623e-12,-1.3868245758353486e-12,2.034111504342122e-13,-8.408788937422231e-12,-2.6615822424267545e-12
-3.673474125706043e-13,-1.7970621220166086e-12,1.025028749360226e-12,7.197147130527893e-13,-3.5856326823088066e-12,4.981847570310611e-13,-4.617321965174966e-12,-2.9230478244752287e-13,-6.110663583665308e-13,-4.172865967538282e-13,-1.3258322491999155e-12,2.637824606079108e-13,8.634166660787322e-13,2.3517275727148577e-12,-2.3553731188481702e-12,-2.4900583283116005e-12,-2.181962989397192e-12,-3.2534205371073404e-12,5.3906213563513556e-12,-1.7059265163477419e-12
1.6865304141091166e-12,6.533870776453344e-13,-5.857584991129527e-13,4.4609033336340937e-13,1.1240607459548758e-13,7.81563540662073e-13,4.973826001386715e-13,2.0066490031946313e-12,-1.21556271815961e-12,-6.023848175363902e-12,-3.0411906059952127e-12,-3.9545989629675173e-13,-6.1841887741624e-13,7.860883128737937e-13,1.5680165282411516e-12,9.440240762437014e-14,-2.8510749920111094e-12,-2.760056992511088e-12,-3.873676769460967e-12,-4.2614814503699274e-14
-1.1988328095877867e-13,-4.306125227896677e-13,-1.3408699669951887e-12,2.2373944331667717e-12,-2.6756765052759803e-12,-2.1693166265904576e-13,6.266407735068029e-13,-2.7375213408829843e-12,2.314667005685708e-12,-6.743764124375645e-12,-8.061869351987737e-13,1.3862630754893789e-13,-1.5465415856959286e-13,4.163269985144665e-12,3.808572116964592e-12,-8.691648204415378e-12,-3.4350565143353434e-12,-9.5778204701819e-12,-3.333454018116741e-12,6.603915105712472e-12
4.492395506679244e-12,-7.371778749478253e-13,-8.713602183813463e-12,-2.4421382020179515e-11,3.2230833822131e-14,2.4648292939542533e-12,9.18131181966447e-15,2.1108708865734365e-12,1.590647031780487e-11,-5.585543822186095e-12,1.2774221206912895e-12,-9.489509233027724e-12,-2.4823456242552245e-12,0.0070073286801019315,2.9612179656837966e-12,-0.01948897640049504,1.4714480112402237e-9,-6.777269515634803e-12,-6.600513204988476e-7,3.7058016115930235e-12
2.716563818274032e-12,-1.926285831162997e-12,-3.4747199759398605e-12,-2.1095276761393775e-11,-1.5372236072011727e-12,3.685342977866564e-12,-5.600268813735292e-13,6.176981741560204e-12,2.0227732809154716e-12,-8.911631452640403e-11,9.824884143885935e-12,-2.6936960793787544e-12,-1.7411677498247492e-12,0.007007328682723825,4.561319174664806e-12,-0.019488972740098788,4.373055853504505e-11,-3.6338187361603633e-12,-6.644490690137442e-7,-6.287446851290649e-13
-1.5719586840591736e-11,-6.769213636674234e-14,-3.953786180201095e-12,-2.5149988864666396e-12,-7.202474402429091e-13,-5.801820176668495e-12,1.935293086461171e-12,-2.854721486878586e-13,-3.414351630794399e-12,-8.457297460806893e-13,3.0265397215261124e-12,-2.9009588009895555e-12,6.481256598505087e-13,1.3070008806216647e-12,7.207547461827887e-13,-1.396037180268766e-12,-1.547819417389279e-13,-1.7904498761048924e-11,3.980935341393213e-12,1.5428160027265925e-12
-3.1189108143510482e-12,5.144988155908269e-13,-1.5990181304607519e-12,2.2198769959651054e-12,3.8184257109316865e-13,3.19420855770555e-12,4.616267290716253e-12,1.69893823693927e-12,3.564414175353953e-14,2.9613097685944724e-12,-9.174229447185595e-13,-3.554571311067575e-12,-1.0133411166730242e-12,1.2638644431120628e-12,1.1348055066550638e-12,2.779201783537075e-12,3.311081449344805e-13,1.3252187052543291e-11,-2.5352023923958576e-12,-1.7266263242086802e-12
-1.8322257748679184e-11,-9.885661531208502e-13,2.1853324651031864e-12,-1.1302038732042567e-12,-4.275076728682735e-13,-4.9942941597938694e-12,1.5482162630613498e-12,4.648772612113081e-12,-1.81792673671366e-11,-7.690037384187032e-11,1.4143650611040147e-11,4.340791259657812e-12,1.5118464714897894e-12,2.994517948944584e-13,-6.968156581679378e-13,3.665212640170193e-9,-1.4232206712731944e-9,-5.667545862447677e-12,-4.401931877553515e-9,-6.839944164679668e-12
6.8270778636108074e-12,-2.950122798780187e-12,-1.744219360689744e-11,3.1326109084998075e-12,3.3927989517837383e-12,-5.823818528210774e-13,-3.608395936429539e-12,1.4062419557425782e-12,1.50909062756265e-12,-1.2401005896253692e-12,-1.3200695150675845e-11,-3.0532551142228264e-12,-2.5142737099092264e-12,2.8069716573424605e-12,-1.7179037338118013e-12,1.4468914384397294e-12,-5.610095814337396e-12,8.706372406297865e-12,2.380297102614159e-12,-3.173138174865267e-12
-1.967019563110964e-13,-1.1735591610375172e-12,9.932207708932863e-13,-9.45431741836114e-14,-2.120670314160368e-12,4.642285218179394e-13,-3.2316868168696916e-12,1.8324536199281477e-13,-7.774095184314951e-13,8.542720939055539e-13,-5.953591507672102e-13,2.1913797580677227e-14,7.107830485840963e-13,6.302316718638894e-13,-2.3120433182436124e-12,5.193248141225146e-14,-7.456543608039566e-13,-5.650999584877204e-13,2.7407237352753844e-12,-2.398132971784681e-12
3.3444445133413547e-14,6.686061608742907e-13,4.282533643413605e-14,-7.621610841488918e-13,1.460223445918755e-12,-1.5635439979867735e-13,1.543549385471843e-12,6.088962124279231e-13,-2.7233473147534857e-13,1.3753886888699197e-12,8.401708026567836e-13,-1.8009791170881135e-13,-1.2204774805552018e-13,-1.661565791483154e-12,1.9653890872543255e-14,2.6102994264159296e-12,1.3334035421188606e-12,2.5942322627913845e-12,-2.401354152340134e-12,-6.714198926116449e-13
1.20706536137346e-12,-2.786582155564066e-13,-3.0448050042648644e-13,7.699731246527678e-12,8.373359763536861e-12,2.4208968101934966e-12,-3.738086993978227e-12,4.433427416040276e-12,-1.6621732689656464e-12,-1.064089894365408e-10,2.770258635628726e-12,7.982084415113335e-12,-1.965820894275451e-12,2.4032028893426088e-12,-4.5454877372112346e-12,8.27987954532727e-12,2.928974474832925e-11,-3.703818954470598e-12,-2.8903535975733422e-12,-4.2476646803291837e-13
1.821034822210453e-12,8.629399601147257e-12,8.089265681979664e-13,-6.555875572718232e-13,6.588403324150876e-12,-9.842407943396706e-13,-3.7552469624643255e-12,-5.138943617536846e-13,-1.5220062599391382e-12,-1.0382604948987728e-10,-2.0028282594793174e-12,2.7580542503074947e-12,-1.0590471934395351e-11,5.991340469577678e-12,-1.9926419915561522e-12,8.120649595835971e-12,2.121086524003455e-11,-5.538014600116253e-12,-6.684176332859056e-12,-1.4199622805009636e-12
-0.9569002300298347,0.16339785413447436,0.11891593853339306,1.7513433302685613e-12,-0.2813957490658885,-0.02544647007662759,3.6102576722993598e-12,-2.7116025251601226e-12,0.2346826245094942,-1.3973948490777802e-13,-0.16360579879942302,5.04660610678068e-12,-0.13801919418836947,-2.034482131957678e-12,-0.1914209190327246,-1.5960556187029087e-12,1.6164587182622016e-12,-6.013720192410674e-13,2.1098799155269991e-13,-2.813014804417869e-12
5.293401571282871e-12,1.2184813462502524e-12,-3.0099323870171002e-12,8.930946926102097e-13,4.4529314792677904e-12,-6.468855246009088e-13,1.6198887249583713e-12,4.179689084934731e-13,-8.37916899187365e-12,7.0649731253305904e-12,2.077389807019219e-12,2.360742821036613e-13,1.4508268859098101e-12,-2.911918234716126e-12,-6.7724829771516114e-12,1.7592536678879103e-12,3.1603825655816692e-12,-3.385117493027823e-12,3.6747515559855774e-12,6.390688678433017e-13
-1.9527985816940998e-13,-5.353387575297817e-13,4.519179093726077e-13,1.6510085019075115e-13,-1.0795749646736092e-12,2.181673386380742e-13,-1.5126942080273404e-12,-3.583436430467696e-14,-4.252408530716587e-13,2.195437107237819e-13,-3.9189440891900117e-13,1.6292910402539438e-13,3.4948518017829316e-13,4.855771541906308e-13,-1.056706569659803e-12,-4.882953832185666e-13,-5.003191084361165e-13,-5.490362479474727e-13,1.0495298402289155e-12,-8.696333792782596e-13
0.1850092544925425,0.1564922263501289,1.6900030088474503e-12,0.2828293419368245,-0.4466034106018589,-1.859685885429558e-12,0.14681189493757318,-0.4745383563446449,-5.551483417008375e-13,0.47597072063089574,3.857226493304675e-12,-0.03602058282970905,0.45248095626940854,-0.8900722849174022,0.48476946860358333,0.33052829127864375,0.3644878993683137,0.39081493481908247,0.3496685426541628,-0.8890773715495494
-1.1633401158751529e-15,-5.590559986171539e-13,4.083812169212578e-13,9.567914852738558e-14,-9.829636373896358e-13,2.2002397810672946e-13,-1.5479625110635615e-12,7.268484370607508e-14,-3.436045964698325e-13,2.0643552180547767e-13,-4.1340057504291874e-13,-1.1556900475870669e-13,2.562186255127076e-13,5.914703507598295e-13,-1.0546772415001704e-12,-4.361865291396916e-13,-4.931872523062872e-13,-7.645064046223699e-13,7.723550022999559e-13,-8.828608123353965e-13
-2.0472847645709655e-13,-5.593746056257401e-13,5.725699029197466e-13,-7.309295615284477e-14,-1.0271763035718474e-12,2.2220409266714078e-13,-1.6194071447481047e-12,1.6779179880758387e-13,-6.132250112799477e-13,6.981054419808421e-13,-1.7444353381829238e-13,2.3300142937973483e-13,4.198113336575684e-13,1.323618593958897e-13,-1.4104436597215087e-12,5.228435402899253e-13,-2.2467515119614819e-13,3.427580767805272e-13,1.451539590870498e-12,-1.523171484337075e-12
-8.582230158680781e-13,-2.1398099173490847e-13,-2.1635773641720387e-13,1.964089574278793e-13,-1.3590805476462723e-13,-5.438459964377357e-13,7.869610088014911e-13,-1.7055313715290777e-12,1.2700621393859235e-12,1.15015556353982e-12,1.3536822516824337e-12,6.499589565638759e-13,2.1627374940861094e-13,4.143045288778834e-13,7.798772058006674e-13,-2.2194946376279187e-12,7.93052950641684e-13,-1.8312270523516311e-13,3.658214897619914e-12,2.2245026298658204e-12
